boss_id,mount_id
e5b3ce1b-a059-4d4f-a770-280966075cb2,cd0dbeda-914a-437b-901d-a1c0d5542380
cb7a9e25-0773-49e7-84f4-d2a93c17d95a,42029d73-085e-481f-b53f-59b0660a39e6
6eb8dc79-b99b-49cb-83f3-89e283eff151,506f6a38-9ea2-44e6-901e-5d39e2edb08c
d0f890dd-9217-418b-be0d-2fe65f3a854a,1dc254b9-7982-46d5-b693-cf9b4c77f512
6dab3d39-3a21-4df7-835e-e20e9c376e15,00db79cd-b41b-4c1b-8467-44322d627c8c
88729c59-a382-40bd-95b9-bc564fce68a3,7e0579b4-0cc9-4476-b348-5521bbcf4a97
853fe059-a952-4e87-a72e-37cf20866011,04cf6330-840e-4409-a483-0d4ade8ed952
0c9c0843-8efd-4cf9-8ccb-45ea69dd0251,27dcb627-8918-4f6b-9b32-97196fa33cfa
170eb0d5-fd18-4463-afa5-d39d5ed606db,b715ad35-c182-4425-ae4b-56bbf8da3c00
9abd89e3-e9c8-4d93-8169-5c490777f364,ed7e635f-d715-4b6d-b63e-5b105ed0c209
be1f7872-b382-4019-a6ce-07c6f3f334ab,2f867317-32f7-4523-bbe4-10406a4abab9
141100cd-76e5-4b5b-a259-9c0c7900bf8f,ab8fc8e0-1c91-4c5b-b357-c1cb1867283e
88a01e3e-762b-429d-a77e-1e0ffe7c05be,90e1fd79-bcfc-4c6a-8358-ba734636bcc9
f83c7627-fbc1-499a-95af-0a8ec09f5375,5069d63b-b0b2-4c3d-8991-40f20498e76c
bc55f082-20ad-40b2-a09a-838000414948,fe5e9331-095a-4697-929c-b92357cc4667
21654764-084f-4773-be44-45aebf4763b7,6ad6143c-0de1-4198-a6b2-1a22e36b8e60
d6de9b61-e14e-4ca1-9ff2-1426cf951fa7,f702e0ff-51ab-4cdc-a3ca-3a740de874c4
9813a110-4dbe-4aec-92ec-57076fe357f9,e40dc795-1659-4d6e-ad04-add00077a49a
389d80b8-50b8-449b-98f5-0ea61b3081c8,188e5afe-a6c3-4ace-8e3c-33312796e560
20678cd7-ab44-484b-aca1-91d9716b3ead,b77e0209-d2f2-4e58-b66e-2e3db0606e93
cf6f5bca-8638-406a-8094-f4d6996e2cf3,2b6ba336-df8a-4629-bfb0-dc51facf2676
3aff27b9-9890-4f67-b0c9-cf172ca902dc,48514976-6039-4b9a-b641-7f35e125701e
52b800a6-2e94-44d0-99ed-4b08d838d54b,39089579-d226-4588-a041-bb9c6c832477
c16aac7f-e3f7-4148-bf01-cba18bc96e7d,db88b363-b594-465c-87ca-c13b6571b2cd
8d46f75a-76ee-4bce-83d2-3f8ef473bc31,ca6692b7-bfeb-49bd-aeb2-6d93303de927
9ea76e60-89e0-4d97-bf23-992df3c580e3,af8b09bd-9a0a-4cd4-b72d-7022232e3b3e
1190b8cd-d7a4-4c2f-99b9-4582cda0cf47,50291f7b-19f2-4040-a62e-76181685fb80
74b00cce-9c70-4e14-88a9-332f78b0cd88,f12d77fe-5432-47d6-b44e-b57df02f1249
bf669fa7-7edc-41ae-98e6-d90ebae9bbd0,af622644-6c7b-42bb-bf8b-022e2d821f92
ef3b97c1-473c-4397-aee7-60f43d372f1b,c9ab5271-0f45-4e56-b54a-e2a4085dfdbd
8dc2b6a7-fcfe-489b-89ba-3e9228e63ff5,30cf9c40-53d0-4593-98c3-2dee71f5d001
e74c0f4d-9253-4999-8cfa-2a68c4dbbb4d,9a2eb2eb-57e7-456a-8450-ead4c75feb17
9fcaa422-584b-4a87-8cde-2392e80bb2aa,b7dac3ef-9c7e-4352-b6ed-cbddc1935b0c
523e4c3d-6ea4-43c4-b27a-7dfa84948158,3653f7fb-c5d3-4bb9-9dd8-cee2c4552cdd
54b6e8c0-8858-4c5c-b292-9c1d5c8e3f68,701a0031-52dd-4242-9adc-cd8b0b828516
b139ef5f-96f6-44ee-9105-526bf81414ff,93791747-227b-41dd-9577-b7de14a80ff5
16eda797-51de-4e30-9309-9ba0ce6fc970,38e2fa5b-22ed-41f4-a3e7-8d65d91f1dc3
822cb56d-629a-4b7b-80f3-ebe24e063222,e5b8eaec-6762-4144-a755-a7985bc1f846
a0e9b4b5-fd40-4086-a4e0-c1268930f12b,4eee500a-5289-4a50-8ca7-d5ae79393c31
7f9a60ae-6f8f-49a2-a810-e01999c5a9f7,a70db2ff-f31c-49a4-aded-4635d8cc197b
ba511720-298e-46c9-b9e8-f53fbe5d5674,ceb61ecf-d12f-4cbc-9e81-637fc67397d1
bb87153d-d950-4254-8454-0cd51443af7f,e3148e31-7f79-41cc-a39f-fbd713424826
fe8ba107-2abd-43a3-bcc2-62fa8108cdcf,296ff612-2a80-4e5f-9eff-0adeda522251
b185cd2c-e4ef-4d23-a5ba-abf81be95ab7,e513accb-1664-407b-97ae-92696dd5e003
a0f8d644-9dd2-4487-a833-731ee9b2760a,c1562263-a379-4b25-84af-c8a32991dd93
82f835d7-df5e-41f7-9032-7487bfe415e3,2d0a3932-e256-4b5b-975e-bbec2fcecf93
717d035e-a0e5-4550-86d5-8d81ff7a48dc,2626e7f0-675e-408c-99fe-05e0a692c4ae
